{
  "sample_size": 150,
  "age_mean": 43.266666666666666,
  "sex_distribution": {
    "F": 82,
    "M": 68
  },
  "analysis_complete": true,
  "timestamp": "2025-10-13T10:35:03.215369"
}